"year","continent","reduction_t1","counterfactual","increase"
2002,1,0,1111,0
2003,1,0,1010,0
2004,1,0,1008,0
2005,1,0,1133,0
2006,1,-281,1164,0
2007,1,-491,1145,490
2008,1,-690,1127,762
2009,1,-994,1189,405
2010,1,-1664,1333,505
2011,1,-867,1271,392
2012,1,-1481,1218,592
2013,1,-134,1221,167
2014,1,-1180,1172,256
2015,1,-665,1288,0
2016,1,-1194,1417,273
2018,1,-374,1437,91
2019,1,-726,1273,130
2020,1,-881,1413,104
2021,1,-1021,1447,0
2022,1,-1375,1480,0
2023,1,-1074,1381,65
2002,2,0,840,0
2003,2,0,820,0
2004,2,0,865,0
2005,2,0,1087,0
2006,2,-162,1002,0
2007,2,-157,1009,131
2008,2,-109,937,156
2009,2,-78,889,546
2010,2,-70,1809,0
2011,2,-70,1805,0
2012,2,-87,1563,0
2013,2,-97,1644,387
2014,2,-44,1968,887
2015,2,-26,2007,0
2016,2,-102,1931,837
2018,2,-2,2109,732
2019,2,-31,2013,437
2020,2,-97,1856,852
2021,2,-87,2123,535
2022,2,-124,2242,299
2023,2,-129,2184,609
2002,3,0,392,0
2003,3,0,391,0
2004,3,0,405,0
2005,3,0,361,143
2006,3,-607,383,150
2007,3,-360,393,217
2008,3,-446,388,148
2009,3,-406,392,506
2010,3,-107,649,83
2011,3,-471,606,66
2012,3,-39,602,320
2013,3,0,628,95
2014,3,-455,628,496
2015,3,-188,665,296
2016,3,0,749,501
2018,3,0,668,286
2019,3,-101,681,300
2020,3,-100,707,154
2021,3,-338,693,141
2022,3,-403,725,26
2023,3,-415,665,248
